time,ax,ay,vx,vy,px,py,gz,yaw
1555241126.975384950,0.00788035753846,0,0,0,0,0.0,0.0,0.0,0.0
1555241126.981671094,0.013682952,0,0,0,0,0.0,0.0,0.0,0.0
1555241126.988060951,0.0195812815385,0,0,0,0,0.0,0.0,0.0,0.0
1555241126.994236946,0.0252822,0,0,0,0,0.0,0.0,0.0,0.0
1555241127.395059,0.030966612,0,0,0,0,0.0,0.0,0.0,0.0
1555241127.6546020,0.0366444221538,0,0,0,0,0.0,0.0,0.0,0.0
1555241127.12701988,0.0423268541538,0,0,0,0,0.0,0.0,0.0,0.0
1555241127.18996953,0.0481375910769,0,0,0,0,0.0,0.0,0.0,0.0
1555241127.25510072,0.0541497009231,0,0,0,0,0.0,0.0,0.0,0.0
1555241127.31675100,0.059840496,0,0,0,0,0.0,0.0,0.0,0.0
1555241127.37921905,0.0656067775385,0,0,0,0,0.0,0.0,0.0,0.0
1555241127.44203042,0.0714047501538,0,0,0,0,0.0,0.0,0.0,0.0
1555241127.50719022,0.0774195009231,0,0,0,0,0.0,0.0,0.0,0.0
1555241127.57003021,0.0832201153846,0,0,0,0,0.0,0.0,0.0,0.0
1555241127.63148975,0.0888933036923,0,0,0,0,0.0,0.0,0.0,0.0
1555241127.69309949,0.0945803566154,0,0,0,0,0.0,0.0,0.0,0.0
1555241127.75700998,0.100479786462,0,0,0,0,0.0,0.0,0.0,0.0
1555241127.81944942,0.106243427077,0,0,0,0,0.0,0.0,0.0,0.0
1555241127.88207960,0.112024674462,0,0,0,0,0.0,0.0,0.0,0.0
1555241127.95138072,0.118421700923,0,0,0,0,0.0,0.0,0.0,0.0
1555241127.101938009,0.124698565846,0,0,0,0,0.0,0.0,0.0,0.0
1555241127.108309030,0.130579508308,0,0,0,0,0.0,0.0,0.0,0.0
1555241127.114651918,0.136434481846,0,0,0,0,0.0,0.0,0.0,0.0
1555241127.120771884,0.142083681231,0,0,0,0,0.0,0.0,0.0,0.0
1555241127.127060890,0.147888917538,0,0,0,0,0.0,0.0,0.0,0.0
1555241127.133347988,0.153692392615,0,0,0,0,0.0,0.0,0.0,0.0
1555241127.139653921,0.159513253846,0,0,0,0,0.0,0.0,0.0,0.0
1555241127.145818948,0.165204048,0,0,0,0,0.0,0.0,0.0,0.0
1555241127.152035951,0.17094282,0,0,0,0,0.0,0.0,0.0,0.0
1555241127.158304929,0.176729568923,0,0,0,0,0.0,0.0,0.0,0.0
1555241127.164731979,0.182662230462,0,0,0,0,0.0,0.0,0.0,0.0
1555241127.170871019,0.188329036615,0,0,0,0,0.0,0.0,0.0,0.0
1555241127.176986932,0.193974494769,0,0,0,0,0.0,0.0,0.0,0.0
1555241127.183181047,0.199692139385,0,0,0,0,0.0,0.0,0.0,0.0
1555241127.189459085,0.205487251385,0,0,0,0,0.0,0.0,0.0,0.0
1555241127.195643901,0.211196312308,0,0,0,0,0.0,0.0,0.0,0.0
1555241127.201777935,0.216858497538,0,0,0,0,0.0,0.0,0.0,0.0
1555241127.207988977,0.222591767077,0,0,0,0,0.0,0.0,0.0,0.0
1555241127.215162038,0.229213054154,0,0,0,0,0.0,0.0,0.0,0.0
1555241127.222436904,0.235928315077,0,0,0,0,0.0,0.0,0.0,0.0
1555241127.229475021,0.242425038462,0,0,0,0,0.0,0.0,0.0,0.0
1555241127.236947059,0.249322304308,0,0,0,0,0.0,0.0,0.0,0.0
1555241127.244067907,0.255895394769,0,0,0,0,0.0,0.0,0.0,0.0
1555241127.251390933,0.262655111077,0,0,0,0,0.0,0.0,0.0,0.0
1555241127.258459091,0.269179564615,0,0,0,0,0.0,0.0,0.0,0.0
1555241127.265404939,0.275591116615,0,0,0,0,0.0,0.0,0.0,0.0
1555241127.272744894,0.282366459692,0,0,0,0,0.0,0.0,0.0,0.0
1555241127.279911041,0.288981364615,0,0,0,0,0.0,0.0,0.0,0.0
1555241127.287513017,0.295998573231,0,0,0,0,0.0,0.0,0.0,0.0
1555241127.294787883,0.302713834154,0,0,0,0,0.0,0.0,0.0,0.0
1555241127.302047014,0.309414570462,0,0,0,0,0.0,0.0,0.0,0.0
1555241127.308819055,0.315665685231,0,0,0,0,0.0,0.0,0.0,0.0
1555241127.316595077,0.322843551692,0,0,0,0,0.0,0.0,0.0,0.0
1555241127.322818994,0.328588705846,0,0,0,0,0.0,0.0,0.0,0.0
1555241127.329000949,0.334295125846,0,0,0,0,0.0,0.0,0.0,0.0
1555241127.335179090,0.339998025231,0,0,0,0,0.0,0.0,0.0,0.0
1555241127.342125892,0.346410457846,0,0,0,0,0.0,0.0,0.0,0.0
1555241127.350120067,0.353789696308,0,0,0,0,0.0,0.0,0.0,0.0
1555241127.356606006,0.359776716923,0,0,0,0,0.0,0.0,0.0,0.0
1555241127.363985061,0.366588152308,0,0,0,0,0.0,0.0,0.0,0.0
1555241127.371145009,0.373197335077,0,0,0,0,0.0,0.0,0.0,0.0
1555241127.377979040,0.379505671385,0,0,0,0,0.0,0.0,0.0,0.0
1555241127.384457111,0.385485429231,0,0,0,0,0.0,0.0,0.0,0.0
1555241127.391202926,0.391712335385,0,0,0,0,0.0,0.0,0.0,0.0
1555241127.397942066,0.39793308,0,0,0,0,0.0,0.0,0.0,0.0
1555241127.405011892,0.404459073231,0,0,0,0,0.0,0.0,0.0,0.0
1555241127.411806106,0.410730655385,0,0,0,0,0.0,0.0,0.0,0.0
1555241127.418777942,0.417166196308,0,0,0,0,0.0,0.0,0.0,0.0
1555241127.425376892,0.423257534769,0,0,0,0,0.0,0.0,0.0,0.0
1555241127.431459903,0.428872621846,0,0,0,0,0.0,0.0,0.0,0.0
1555241127.437804937,0.434729576308,0,0,0,0,0.0,0.0,0.0,0.0
1555241127.444201946,0.440634507692,0,0,0,0,0.0,0.0,0.0,0.0
1555241127.450445890,0.446398148308,0,0,0,0,0.0,0.0,0.0,0.0
1555241127.456739902,0.452208005538,0,0,0,0,0.0,0.0,0.0,0.0
1555241127.462884902,0.457880313231,0,0,0,0,0.0,0.0,0.0,0.0
1555241127.469208955,0.463717900615,0,0,0,0,0.0,0.0,0.0,0.0
1555241127.475385904,0.469419699692,0,0,0,0,0.0,0.0,0.0,0.0
1555241127.481554031,0.475113355385,0,0,0,0,0.0,0.0,0.0,0.0
1555241127.487862110,0.480936197538,0,0,0,0,0.0,0.0,0.0,0.0
1555241127.494180917,0.486768942462,0,0,0,0,0.0,0.0,0.0,0.0
1555241127.500391006,0.492501332308,0,0,0,0,0.0,0.0,0.0,0.0
1555241127.506584882,0.498218756308,0,0,0,0,0.0,0.0,0.0,0.0
1555241127.512705087,0.503868176308,0,0,0,0,0.0,0.0,0.0,0.0
1555241127.519059896,0.509734153846,0,0,0,0,0.0,0.0,0.0,0.0
1555241127.525211095,0.515412183692,0,0,0,0,0.0,0.0,0.0,0.0
1555241127.531279087,0.521013407077,0,0,0,0,0.0,0.0,0.0,0.0
1555241127.537544965,0.526797294462,0,0,0,0,0.0,0.0,0.0,0.0
1555241127.543816089,0.532586024308,0,0,0,0,0.0,0.0,0.0,0.0
1555241127.551054000,0.539267172923,0,0,0,0,0.0,0.0,0.0,0.0
1555241127.558245897,0.545905847077,0,0,0,0,0.0,0.0,0.0,0.0
1555241127.565423011,0.552530875385,0,0,0,0,0.0,0.0,0.0,0.0
1555241127.572387933,0.558960034154,0,0,0,0,0.0,0.0,0.0,0.0
1555241127.578557968,0.564655451077,0,0,0,0,0.0,0.0,0.0,0.0
1555241127.585489034,0.571053358154,0,0,0,0,0.0,0.0,0.0,0.0
1555241127.592947959,0.577938519692,0,0,0,0,0.0,0.0,0.0,0.0
1555241127.600539922,0.584946485538,0,0,0,0,0.0,0.0,0.0,0.0
1555241127.607007980,0.590917000615,0,0,0,0,0.0,0.0,0.0,0.0
1555241127.613239049,0.596668756615,0,0,0,0,0.0,0.0,0.0,0.0
1555241127.619503021,0.602450884615,0,0,0,0,0.0,0.0,0.0,0.0
1555241127.625646114,0.608121432,0,0,0,0,0.0,0.0,0.0,0.0
1555241127.631928920,0.613920945231,0,0,0,0,0.0,0.0,0.0,0.0
1555241127.638125896,0.619641230769,0,0,0,0,0.0,0.0,0.0,0.0
1555241127.644233942,0.625279427077,0,0,0,0,0.0,0.0,0.0,0.0
1555241127.650393009,0.630964719692,0,0,0,0,0.0,0.0,0.0,0.0
1555241127.656701087,0.636787560923,0,0,0,0,0.0,0.0,0.0,0.0
1555241127.662849903,0.642463391077,0,0,0,0,0.0,0.0,0.0,0.0
1555241127.669028043,0.648166289538,0,0,0,0,0.0,0.0,0.0,0.0
1555241127.675237894,0.653898459692,0,0,0,0,0.0,0.0,0.0,0.0
1555241127.681288957,0.659484056308,0,0,0,0,0.0,0.0,0.0,0.0
1555241127.687475919,0.665195098154,0,0,0,0,0.0,0.0,0.0,0.0
1555241127.693659067,0.670902619385,0,0,0,0,0.0,0.0,0.0,0.0
1555241127.700031042,0.676784442462,0,0,0,0,0.0,0.0,0.0,0.0
1555241127.706202030,0.682480739077,0,0,0,0,0.0,0.0,0.0,0.0
1555241127.712322950,0.688130819077,0,0,0,0,0.0,0.0,0.0,0.0
1555241127.718508005,0.693840100615,0,0,0,0,0.0,0.0,0.0,0.0
1555241127.724755048,0.699606601846,0,0,0,0,0.0,0.0,0.0,0.0
1555241127.731057882,0.705424602462,0,0,0,0,0.0,0.0,0.0,0.0
1555241127.737235069,0.711126621231,0,0,0,0,0.0,0.0,0.0,0.0
1555241127.743407964,0.716824678154,0,0,0,0,0.0,0.0,0.0,0.0
1555241127.749633073,0.722570932615,0,0,0,0,0.0,0.0,0.0,0.0
1555241127.755839109,0.728299581231,0,0,0,0,0.0,0.0,0.0,0.0
1555241127.761930942,0.733922811692,0,0,0,0,0.0,0.0,0.0,0.0
1555241127.768230915,0.739738171385,0,0,0,0,0.0,0.0,0.0,0.0
1555241127.774390935,0.745424343692,0,0,0,0,0.0,0.0,0.0,0.0
1555241127.780724048,0.751270294154,0,0,0,0,0.0,0.0,0.0,0.0
1555241127.786951065,0.757018309846,0,0,0,0,0.0,0.0,0.0,0.0
1555241127.793117046,0.762709984615,0,0,0,0,0.0,0.0,0.0,0.0
1555241127.799407005,0.768516100615,0,0,0,0,0.0,0.0,0.0,0.0
1555241127.805502891,0.774143072308,0,0,0,0,0.0,0.0,0.0,0.0
1555241127.811731100,0.779892188308,0,0,0,0,0.0,0.0,0.0,0.0
1555241127.818037033,0.785713049538,0,0,0,0,0.0,0.0,0.0,0.0
1555241127.824084043,0.791294904923,0,0,0,0,0.0,0.0,0.0,0.0
1555241127.830370903,0.797098160308,0,0,0,0,0.0,0.0,0.0,0.0
1555241127.836487054,0.802743838154,0,0,0,0,0.0,0.0,0.0,0.0
1555241127.842713117,0.808490973231,0,0,0,0,0.0,0.0,0.0,0.0
1555241127.848893880,0.814196292923,0,0,0,0,0.0,0.0,0.0,0.0
1555241127.856600999,0.821310556615,0,0,0,0,0.0,0.0,0.0,0.0
1555241127.863673925,0.827839411385,0,0,0,0,0.0,0.0,0.0,0.0
1555241127.870117902,0.833787697846,0,0,0,0,0.0,0.0,0.0,0.0
1555241127.876524925,0.839701872923,0,0,0,0,0.0,0.0,0.0,0.0
1555241127.882786035,0.845481359077,0,0,0,0,0.0,0.0,0.0,0.0
1555241127.889086961,0.851297598462,0,0,0,0,0.0,0.0,0.0,0.0
1555241127.895299911,0.857032629231,0,0,0,0,0.0,0.0,0.0,0.0
1555241127.901549100,0.862801111385,0,0,0,0,0.0,0.0,0.0,0.0
1555241127.907893896,0.868657846154,0,0,0,0,0.0,0.0,0.0,0.0
1555241127.914102077,0.874388474769,0,0,0,0,0.0,0.0,0.0,0.0
1555241127.922000885,0.881679682154,0,0,0,0,0.0,0.0,0.0,0.0
1555241127.929627895,0.888719999077,0,0,0,0,0.0,0.0,0.0,0.0
1555241127.939572095,0.897899260615,0,0,0,0,0.0,0.0,0.0,0.0
1555241127.950229883,0.907737218769,0,0,0,0,0.0,0.0,0.0,0.0
1555241127.961025953,0.917702821846,0,0,0,0,0.0,0.0,0.0,0.0
1555241127.971929073,0.927767240308,0,0,0,0,0.0,0.0,0.0,0.0
1555241127.982616901,0.937632927692,0,0,0,0,0.0,0.0,0.0,0.0
1555241127.993745088,0.947905100308,0,0,0,0,0.0,0.0,0.0,0.0
1555241128.4260063,0.957611231077,0,0,0,0,0.0,0.0,0.0,0.0
1555241128.15099048,0.967616448,0,0,0,0,0.0,0.0,0.0,0.0
1555241128.25466918,0.977186789538,0,0,0,0,0.0,0.0,0.0,0.0
1555241128.36324024,0.987208733538,0,0,0,0,0.0,0.0,0.0,0.0
1555241128.46987056,0.997051532308,0,0,0,0,0.0,0.0,0.0,0.0
1555241128.57791948,1.00702527877,0,0,0,0,0.0,0.0,0.0,0.0
1555241128.68743944,1.01713481354,0,0,0,0,0.0,0.0,0.0,0.0
1555241128.79375982,1.02694900246,0,0,0,0,0.0,0.0,0.0,0.0
1555241128.90183973,1.03692560954,0,0,0,0,0.0,0.0,0.0,0.0
1555241128.101584911,1.04744955231,0,0,0,0,0.0,0.0,0.0,0.0
1555241128.111803054,1.05688168431,0,0,0,0,0.0,0.0,0.0,0.0
1555241128.122543096,1.06679556923,0,0,0,0,0.0,0.0,0.0,0.0
1555241128.133339881,1.07676183231,0,0,0,0,0.0,0.0,0.0,0.0
1555241128.144196033,1.08678289569,0,0,0,0,0.0,0.0,0.0,0.0
1555241128.154992103,1.09674849877,0,0,0,0,0.0,0.0,0.0,0.0
1555241128.165790081,1.10671586308,0,0,0,0,0.0,0.0,0.0,0.0
1555241128.176537036,1.11663612923,0,0,0,0,0.0,0.0,0.0,0.0
1555241128.187318086,1.12658786769,0,0,0,0,0.0,0.0,0.0,0.0
1555241128.198406934,1.13682372738,0,0,0,0,0.0,0.0,0.0,0.0
1555241128.208901882,1.14651137169,0,0,0,0,0.0,0.0,0.0,0.0
1555241128.220391988,1.15711762338,0,0,0,0,0.0,0.0,0.0,0.0
1555241128.231203079,1.167097092,0,0,0,0,0.0,0.0,0.0,0.0
1555241128.241648912,1.17673939938,0,0,0,0,0.0,0.0,0.0,0.0
1555241128.252441883,1.18670214185,0,0,0,0,0.0,0.0,0.0,0.0
1555241128.263231992,1.19666224246,0,0,0,0,0.0,0.0,0.0,0.0
1555241128.273668050,1.20629552677,0,0,0,0,0.0,0.0,0.0,0.0
1555241128.284441947,1.21624066246,0,0,0,0,0.0,0.0,0.0,0.0
1555241128.295289039,1.22625336277,0,0,0,0,0.0,0.0,0.0,0.0
1555241128.306087017,1.23622072708,0,0,0,0,0.0,0.0,0.0,0.0
1555241128.317015886,1.24630891385,0,0,0,0,0.0,0.0,0.0,0.0
1555241128.327677011,1.25614995231,0,0,0,0,0.0,0.0,0.0,0.0
1555241128.338418006,1.26606471692,0,0,0,0,0.0,0.0,0.0,0.0
1555241128.349221944,1.27603758277,0,0,0,0,0.0,0.0,0.0,0.0
1555241128.360066890,1.28604830215,0,0,0,0,0.0,0.0,0.0,0.0
1555241128.370804071,1.29595954615,0,0,0,0,0.0,0.0,0.0,0.0
1555241128.381587028,1.30591304492,0,0,0,0,0.0,0.0,0.0,0.0
1555241128.392775058,1.31624045723,0,0,0,0,0.0,0.0,0.0,0.0
1555241128.403567075,1.32620231908,0,0,0,0,0.0,0.0,0.0,0.0
1555241128.414335966,1.33614283385,0,0,0,0,0.0,0.0,0.0,0.0
1555241128.424809932,1.34581111015,0,0,0,0,0.0,0.0,0.0,0.0
1555241128.435631036,1.35579982154,0,0,0,0,0.0,0.0,0.0,0.0
1555241128.446367025,1.36570996523,0,0,0,0,0.0,0.0,0.0,0.0
1555241128.457179069,1.37569031354,0,0,0,0,0.0,0.0,0.0,0.0
1555241128.468123912,1.38579324554,0,0,0,0,0.0,0.0,0.0,0.0
1555241128.478797912,1.39564616862,0,0,0,0,0.0,0.0,0.0,0.0
1555241128.489563941,1.40558404154,0,0,0,0,0.0,0.0,0.0,0.0
1555241128.500324964,1.41551729354,0,0,0,0,0.0,0.0,0.0,0.0
1555241128.511145114,1.42550512431,0,0,0,0,0.0,0.0,0.0,0.0
1555241128.521923065,1.43545400215,0,0,0,0,0.0,0.0,0.0,0.0
1555241128.532692909,1.44539539662,0,0,0,0,0.0,0.0,0.0,0.0
1555241128.543534040,1.45540259446,0,0,0,0,0.0,0.0,0.0,0.0
1555241128.554363012,1.46539856862,0,0,0,0,0.0,0.0,0.0,0.0
1555241128.570952892,1.480712304,0,0,0,0,0.0,0.0,0.0,0.0
1555241128.578922033,1.48806843415,0,0,0,0,0.0,0.0,0.0,0.0
1555241128.587481975,1.49596991908,0,0,0,0,0.0,0.0,0.0,0.0
1555241128.598598957,1.50623174862,0,0,0,0,0.0,0.0,0.0,0.0
1555241128.608659029,1.51551796892,0,0,0,0,0.0,0.0,0.0,0.0
1555241128.619623899,1.52563938738,0,0,0,0,0.0,0.0,0.0,0.0
1555241128.630259037,1.53545643785,0,0,0,0,0.0,0.0,0.0,0.0
1555241128.641010046,1.54538044615,0,0,0,0,0.0,0.0,0.0,0.0
1555241128.651782989,1.55532470123,0,0,0,0,0.0,0.0,0.0,0.0
1555241128.662784099,1.565479572,0,0,0,0,0.0,0.0,0.0,0.0
1555241128.673407077,1.57528539785,0,0,0,0,0.0,0.0,0.0,0.0
1555241128.684243917,1.58528863477,0,0,0,0,0.0,0.0,0.0,0.0
1555241128.695044040,1.59525797908,0,0,0,0,0.0,0.0,0.0,0.0
1555241128.705513000,1.60492163446,0,0,0,0,0.0,0.0,0.0,0.0
1555241128.716965913,1.61549355415,0,0,0,0,0.0,0.0,0.0,0.0
1555241128.727381944,1.625108352,0,0,0,0,0.0,0.0,0.0,0.0
1555241128.738128900,1.63502861908,0,0,0,0,0.0,0.0,0.0,0.0
1555241128.749099969,1.64515575969,0,0,0,0,0.0,0.0,0.0,0.0
1555241128.759747028,1.65498381415,0,0,0,0,0.0,0.0,0.0,0.0
1555241128.770545959,1.66495205815,0,0,0,0,0.0,0.0,0.0,0.0
1555241128.781316995,1.67489455292,0,0,0,0,0.0,0.0,0.0,0.0
1555241128.792253971,1.68499022308,0,0,0,0,0.0,0.0,0.0,0.0
1555241128.802917003,1.69483302185,0,0,0,0,0.0,0.0,0.0,0.0
1555241128.813715934,1.70480126585,0,0,0,0,0.0,0.0,0.0,0.0
1555241128.824213027,1.71449089015,0,0,0,0,0.0,0.0,0.0,0.0
1555241128.835000038,1.72444813108,0,0,0,0,0.0,0.0,0.0,0.0
1555241128.845796108,1.73441373415,0,0,0,0,0.0,0.0,0.0,0.0
1555241128.856573104,1.74436173046,0,0,0,0,0.0,0.0,0.0,0.0
1555241128.867510080,1.75445740062,0,0,0,0,0.0,0.0,0.0,0.0
1555241128.878153085,1.76428171292,0,0,0,0,0.0,0.0,0.0,0.0
1555241128.888920068,1.77422046646,0,0,0,0,0.0,0.0,0.0,0.0
1555241128.899777889,1.78424307046,0,0,0,0,0.0,0.0,0.0,0.0
1555241128.910496950,1.79413758831,0,0,0,0,0.0,0.0,0.0,0.0
1555241128.921382904,1.80418616123,0,0,0,0,0.0,0.0,0.0,0.0
1555241128.932054996,1.81403732308,0,0,0,0,0.0,0.0,0.0,0.0
1555241128.942902088,1.82405002338,0,0,0,0,0.0,0.0,0.0,0.0
1555241128.953723907,1.83403939477,0,0,0,0,0.0,0.0,0.0,0.0
1555241128.964505910,1.84399201292,0,0,0,0,0.0,0.0,0.0,0.0
1555241128.975316047,1.85397060092,0,0,0,0,0.0,0.0,0.0,0.0
1555241128.986089944,1.86391573662,0,0,0,0,0.0,0.0,0.0,0.0
1555241128.996849060,1.87384722831,0,0,0,0,0.0,0.0,0.0,0.0
1555241129.7668018,1.88383395877,0,0,0,0,0.0,0.0,0.0,0.0
1555241129.18620967,1.89394437323,0,0,0,0,0.0,0.0,0.0,0.0
1555241129.29309988,1.90381116185,0,0,0,0,0.0,0.0,0.0,0.0
1555241129.40097951,1.91376928154,0,0,0,0,0.0,0.0,0.0,0.0
1555241129.50827980,1.92367392369,0,0,0,0,0.0,0.0,0.0,0.0
1555241129.61889886,1.93388491385,0,0,0,0,0.0,0.0,0.0,0.0
1555241129.72755098,1.94391434031,0,0,0,0,0.0,0.0,0.0,0.0
1555241129.83502054,1.95383460738,0,0,0,0,0.0,0.0,0.0,0.0
1555241129.94340085,1.96383894369,0,0,0,0,0.0,0.0,0.0,0.0
1555241129.105622053,1.974253068,0,0,0,0,0.0,0.0,0.0,0.0
1555241129.116007089,1.98383925508,0,0,0,0,0.0,0.0,0.0,0.0
1555241129.126720905,1.99372893138,0,0,0,0,0.0,0.0,0.0,0.0
1555241129.137485980,2.00366592369,0,0,0,0,0.0,0.0,0.0,0.0
1555241129.149586915,2.01483601754,0,0,0,0,0.0,0.0,0.0,0.0
1555241129.159470081,2.02395894,0,0,0,0,0.0,0.0,0.0,0.0
1555241129.170231103,2.03389219108,0,0,0,0,0.0,0.0,0.0,0.0
1555241129.181006908,2.043839088,0,0,0,0,0.0,0.0,0.0,0.0
1555241129.191616058,2.05363214954,0,0,0,0,0.0,0.0,0.0,0.0
1555241129.202310085,2.06350355908,0,0,0,0,0.0,0.0,0.0,0.0
1555241129.213056087,2.07342294554,0,0,0,0,0.0,0.0,0.0,0.0
1555241129.224262952,2.083767744,0,0,0,0,0.0,0.0,0.0,0.0
1555241129.234890937,2.09357819169,0,0,0,0,0.0,0.0,0.0,0.0
1555241129.245559930,2.10342649292,0,0,0,0,0.0,0.0,0.0,0.0
1555241129.256295919,2.11333663662,0,0,0,0,0.0,0.0,0.0,0.0
1555241129.267131090,2.12333833292,0,0,0,0,0.0,0.0,0.0,0.0
1555241129.277405977,2.132822844,0,0,0,0,0.0,0.0,0.0,0.0
1555241129.288208007,2.14279394862,0,0,0,0,0.0,0.0,0.0,0.0
1555241129.298999071,2.15275493077,0,0,0,0,0.0,0.0,0.0,0.0
1555241129.309806108,2.16273065723,0,0,0,0,0.0,0.0,0.0,0.0
1555241129.320585012,2.17268041477,0,0,0,0,0.0,0.0,0.0,0.0
1555241129.331356048,2.18262290954,0,0,0,0,0.0,0.0,0.0,0.0
1555241129.342657089,2.19305463969,0,0,0,0,0.0,0.0,0.0,0.0
1555241129.352945089,2.20255125508,0,0,0,0,0.0,0.0,0.0,0.0
1555241129.363755941,2.21253050308,0,0,0,0,0.0,0.0,0.0,0.0
1555241129.374716997,2.22264840092,0,0,0,0,0.0,0.0,0.0,0.0
1555241129.385489940,2.232592656,0,0,0,0,0.0,0.0,0.0,0.0
1555241129.396193981,2.24247330923,0,0,0,0,0.0,0.0,0.0,0.0
1555241129.406996965,2.25244529446,0,0,0,0,0.0,0.0,0.0,0.0
1555241129.417984008,2.26258718031,0,0,0,0,0.0,0.0,0.0,0.0
1555241129.428600072,2.272386624,0,0,0,0,0.0,0.0,0.0,0.0
1555241129.439367055,2.28232537754,0,0,0,0,0.0,0.0,0.0,0.0
1555241129.450161933,2.29228988031,0,0,0,0,0.0,0.0,0.0,0.0
1555241129.460954904,2.30225262277,0,0,0,0,0.0,0.0,0.0,0.0
1555241129.471735000,2.31220348062,0,0,0,0,0.0,0.0,0.0,0.0
1555241129.482546091,2.32218294923,0,0,0,0,0.0,0.0,0.0,0.0
1555241129.493921041,2.33268290308,0,0,0,0,0.0,0.0,0.0,0.0
1555241129.504494905,2.34244339292,0,0,0,0,0.0,0.0,0.0,0.0
1555241129.515374898,2.35248646338,0,0,0,0,0.0,0.0,0.0,0.0
1555241129.526031017,2.36232288092,0,0,0,0,0.0,0.0,0.0,0.0
1555241129.536849975,2.37230961138,0,0,0,0,0.0,0.0,0.0,0.0
1555241129.547693967,2.38231945015,0,0,0,0,0.0,0.0,0.0,0.0
1555241129.558092117,2.39191774246,0,0,0,0,0.0,0.0,0.0,0.0
1555241129.568896055,2.40189060831,0,0,0,0,0.0,0.0,0.0,0.0
1555241129.579718112,2.41188019938,0,0,0,0,0.0,0.0,0.0,0.0
1555241129.590545892,2.42187507323,0,0,0,0,0.0,0.0,0.0,0.0
1555241129.601634025,2.43211027292,0,0,0,0,0.0,0.0,0.0,0.0
1555241129.612080097,2.44175280092,0,0,0,0,0.0,0.0,0.0,0.0
1555241129.622859954,2.45170343815,0,0,0,0,0.0,0.0,0.0,0.0
1555241129.633769989,2.46177423969,0,0,0,0,0.0,0.0,0.0,0.0
1555241129.644429922,2.47161417785,0,0,0,0,0.0,0.0,0.0,0.0
1555241129.655303001,2.48165086615,0,0,0,0,0.0,0.0,0.0,0.0
1555241129.666183948,2.49169481723,0,0,0,0,0.0,0.0,0.0,0.0
1555241129.676867008,2.50155610338,0,0,0,0,0.0,0.0,0.0,0.0
1555241129.687661886,2.51152060615,0,0,0,0,0.0,0.0,0.0,0.0
1555241129.699289083,2.52225340338,0,0,0,0,0.0,0.0,0.0,0.0
1555241129.709189891,2.53139261077,0,0,0,0,0.0,0.0,0.0,0.0
1555241129.719994068,2.54136569723,0,0,0,0,0.0,0.0,0.0,0.0
1555241129.730803966,2.55134406462,0,0,0,0,0.0,0.0,0.0,0.0
1555241129.741542100,2.56125618831,0,0,0,0,0.0,0.0,0.0,0.0
1555241129.752764940,2.57161573292,0,0,0,0,0.0,0.0,0.0,0.0
1555241129.763545989,2.58156747046,0,0,0,0,0.0,0.0,0.0,0.0
1555241129.774403095,2.59158941446,0,0,0,0,0.0,0.0,0.0,0.0
1555241129.785464048,2.60179952492,0,0,0,0,0.0,0.0,0.0,0.0
1555241129.795937061,2.61146692154,0,0,0,0,0.0,0.0,0.0,0.0
1555241129.806674003,2.62137794492,0,0,0,0,0.0,0.0,0.0,0.0
1555241129.817423105,2.63130019292,0,0,0,0,0.0,0.0,0.0,0.0
1555241129.827914953,2.64098497569,0,0,0,0,0.0,0.0,0.0,0.0
1555241129.838702917,2.65094309631,0,0,0,0,0.0,0.0,0.0,0.0
1555241129.849490880,2.660901216,0,0,0,0,0.0,0.0,0.0,0.0
1555241129.860336065,2.670912156,0,0,0,0,0.0,0.0,0.0,0.0
1555241129.871093034,2.68084166585,0,0,0,0,0.0,0.0,0.0,0.0
1555241129.881551980,2.69049607754,0,0,0,0,0.0,0.0,0.0,0.0
1555241129.892357110,2.70047004369,0,0,0,0,0.0,0.0,0.0,0.0
1555241129.903145074,2.71042816431,0,0,0,0,0.0,0.0,0.0,0.0
1555241129.914031028,2.72047673723,0,0,0,0,0.0,0.0,0.0,0.0
1555241129.925132036,2.73072382154,0,0,0,0,0.0,0.0,0.0,0.0
1555241129.935939073,2.740699548,0,0,0,0,0.0,0.0,0.0,0.0
1555241129.946613073,2.75055247108,0,0,0,0,0.0,0.0,0.0,0.0
1555241129.957407951,2.76051697385,0,0,0,0,0.0,0.0,0.0,0.0
1555241129.968386888,2.77065137723,0,0,0,0,0.0,0.0,0.0,0.0
1555241129.978988885,2.780437836,0,0,0,0,0.0,0.0,0.0,0.0
1555241129.989779949,2.79039881815,0,0,0,0,0.0,0.0,0.0,0.0
1555241130.560045,2.800349676,0,0,0,0,0.0,0.0,0.0,0.0
1555241130.11754989,2.81068347046,0,0,0,0,0.0,0.0,0.0,0.0
1555241130.22517919,2.82061848277,0,0,0,0,0.0,0.0,0.0,0.0
1555241130.33343076,2.83061093538,0,0,0,0,0.0,0.0,0.0,0.0
1555241130.44444084,2.84085801969,0,0,0,0,0.0,0.0,0.0,0.0
1555241130.54968118,2.85057251262,0,0,0,0,0.0,0.0,0.0,0.0
1555241130.65964937,2.86072342246,0,0,0,0,0.0,0.0,0.0,0.0
1555241130.76236009,2.870204412,0,0,0,0,0.0,0.0,0.0,0.0
1555241130.86904048,2.88005183262,0,0,0,0,0.0,0.0,0.0,0.0
1555241130.98068952,2.89035789785,0,0,0,0,0.0,0.0,0.0,0.0
1555241130.108675003,2.90014809877,0,0,0,0,0.0,0.0,0.0,0.0
1555241130.119647026,2.91027612,0,0,0,0,0.0,0.0,0.0,0.0
1555241130.130615949,2.92040127969,0,0,0,0,0.0,0.0,0.0,0.0
1555241130.141232013,2.93020072338,0,0,0,0,0.0,0.0,0.0,0.0
1555241130.152010917,2.94015048092,0,0,0,0,0.0,0.0,0.0,0.0
1555241130.162811040,2.95011982523,0,0,0,0,0.0,0.0,0.0,0.0
1555241130.173612117,2.96009005015,0,0,0,0,0.0,0.0,0.0,0.0
1555241130.184449911,2.97009416769,0,0,0,0,0.0,0.0,0.0,0.0
1555241130.195242881,2.98005690923,0,0,0,0,0.0,0.0,0.0,0.0
1555241130.206029891,2.99001414923,0,0,0,0,0.0,0.0,0.0,0.0
1555241130.216809034,2.99996412738,0,0,0,0,0.0,0.0,0.0,0.0
1555241130.228152990,3.01043547138,0,0,0,0,0.0,0.0,0.0,0.0
1555241130.239003896,3.02045169231,0,0,0,0,0.0,0.0,0.0,0.0
1555241130.249479055,3.03012106985,0,0,0,0,0.0,0.0,0.0,0.0
1555241130.266640901,3.04596277385,0,0,0,0,0.0,0.0,0.0,0.0
1555241130.274322986,3.05305392923,0,0,0,0,0.0,0.0,0.0,0.0
1555241130.281342983,3.05953392646,0,0,0,0,0.0,0.0,0.0,0.0
1555241130.291949987,3.06932500708,0,0,0,0,0.0,0.0,0.0,0.0
1555241130.302747011,3.07929149077,0,0,0,0,0.0,0.0,0.0,0.0
1555241130.313687086,3.08939002154,0,0,0,0,0.0,0.0,0.0,0.0
1555241130.324418067,3.09929554246,0,0,0,0,0.0,0.0,0.0,0.0
1555241130.335196971,3.1092453,0,0,0,0,0.0,0.0,0.0,0.0
1555241130.345966100,3.11918603446,0,0,0,0,0.0,0.0,0.0,0.0
1555241130.357153892,3.12951322708,0,0,0,0,0.0,0.0,0.0,0.0
1555241130.367542982,3.13910315631,0,0,0,0,0.0,0.0,0.0,0.0
1555241130.378314971,3.14904653077,0,0,0,0,0.0,0.0,0.0,0.0
1555241130.389311075,3.15919678062,0,0,0,0,0.0,0.0,0.0,0.0
1555241130.399893999,3.16896563354,0,0,0,0,0.0,0.0,0.0,0.0
1555241130.410695075,3.17893585754,0,0,0,0,0.0,0.0,0.0,0.0
1555241130.421660900,3.18905815754,0,0,0,0,0.0,0.0,0.0,0.0
1555241130.432265043,3.19884659723,0,0,0,0,0.0,0.0,0.0,0.0
1555241130.443068981,3.20881946308,0,0,0,0,0.0,0.0,0.0,0.0
1555241130.453875064,3.21879430892,0,0,0,0,0.0,0.0,0.0,0.0
1555241130.464718103,3.228803268,0,0,0,0,0.0,0.0,0.0,0.0
1555241130.475512981,3.23876777077,0,0,0,0,0.0,0.0,0.0,0.0
1555241130.486273050,3.24870014215,0,0,0,0,0.0,0.0,0.0,0.0
1555241130.497080087,3.25867586862,0,0,0,0,0.0,0.0,0.0,0.0
1555241130.507831096,3.26859987692,0,0,0,0,0.0,0.0,0.0,0.0
1555241130.518637895,3.27857538369,0,0,0,0,0.0,0.0,0.0,0.0
1555241130.529438972,3.28854560862,0,0,0,0,0.0,0.0,0.0,0.0
1555241130.540240049,3.29851583354,0,0,0,0,0.0,0.0,0.0,0.0
1555241130.551289081,3.30871494,0,0,0,0,0.0,0.0,0.0,0.0
1555241130.562170028,3.31875889108,0,0,0,0,0.0,0.0,0.0,0.0
1555241130.572582006,3.32836994769,0,0,0,0,0.0,0.0,0.0,0.0
1555241130.583410024,3.33836504123,0,0,0,0,0.0,0.0,0.0,0.0
1555241130.594229936,3.34835265231,0,0,0,0,0.0,0.0,0.0,0.0
1555241130.605158090,3.35844017908,0,0,0,0,0.0,0.0,0.0,0.0
1555241130.615832090,3.36829310215,0,0,0,0,0.0,0.0,0.0,0.0
1555241130.626554012,3.37819026092,0,0,0,0,0.0,0.0,0.0,0.0
1555241130.637326002,3.38813363631,0,0,0,0,0.0,0.0,0.0,0.0
1555241130.648145914,3.39812124738,0,0,0,0,0.0,0.0,0.0,0.0
1555241130.658967018,3.40810995877,0,0,0,0,0.0,0.0,0.0,0.0
1555241130.669733047,3.41804783169,0,0,0,0,0.0,0.0,0.0,0.0
1555241130.680514097,3.42799957015,0,0,0,0,0.0,0.0,0.0,0.0
1555241130.691287040,3.43794382523,0,0,0,0,0.0,0.0,0.0,0.0
1555241130.702276945,3.44808835292,0,0,0,0,0.0,0.0,0.0,0.0
1555241130.712893962,3.45788867631,0,0,0,0,0.0,0.0,0.0,0.0
1555241130.723696947,3.46786066246,0,0,0,0,0.0,0.0,0.0,0.0
1555241130.734549045,3.47787798369,0,0,0,0,0.0,0.0,0.0,0.0
1555241130.745337009,3.48783610431,0,0,0,0,0.0,0.0,0.0,0.0
1555241130.756113052,3.49778322092,0,0,0,0,0.0,0.0,0.0,0.0
1555241130.766882896,3.50772461538,0,0,0,0,0.0,0.0,0.0,0.0
1555241130.777658939,3.517671732,0,0,0,0,0.0,0.0,0.0,0.0
1555241130.788450956,3.52763359385,0,0,0,0,0.0,0.0,0.0,0.0
1555241130.799266099,3.53761680277,0,0,0,0,0.0,0.0,0.0,0.0
1555241130.810045957,3.54756744092,0,0,0,0,0.0,0.0,0.0,0.0
1555241130.821295022,3.55795119323,0,0,0,0,0.0,0.0,0.0,0.0
1555241130.832026958,3.56785759569,0,0,0,0,0.0,0.0,0.0,0.0
1555241130.842775106,3.57777896308,0,0,0,0,0.0,0.0,0.0,0.0
1555241130.853554964,3.58772960123,0,0,0,0,0.0,0.0,0.0,0.0
1555241130.864419937,3.59775880708,0,0,0,0,0.0,0.0,0.0,0.0
1555241130.875224113,3.60773189262,0,0,0,0,0.0,0.0,0.0,0.0
1555241130.885947942,3.61763081169,0,0,0,0,0.0,0.0,0.0,0.0
1555241130.896883964,3.62772560123,0,0,0,0,0.0,0.0,0.0,0.0
1555241130.907691001,3.63770132769,0,0,0,0,0.0,0.0,0.0,0.0
1555241130.918318033,3.64751089569,0,0,0,0,0.0,0.0,0.0,0.0
1555241130.929280042,3.65762967323,0,0,0,0,0.0,0.0,0.0,0.0
1555241130.939879894,3.667414152,0,0,0,0,0.0,0.0,0.0,0.0
1555241130.950670003,3.67737425262,0,0,0,0,0.0,0.0,0.0,0.0
1555241130.961489915,3.68736186369,0,0,0,0,0.0,0.0,0.0,0.0
1555241130.972412109,3.69744388892,0,0,0,0,0.0,0.0,0.0,0.0
1555241130.982747077,3.70698385938,0,0,0,0,0.0,0.0,0.0,0.0
1555241130.993468999,3.71688101815,0,0,0,0,0.0,0.0,0.0,0.0
1555241131.4316091,3.72689371846,0,0,0,0,0.0,0.0,0.0,0.0
1555241131.15280961,3.73701513692,0,0,0,0,0.0,0.0,0.0,0.0
1555241131.26046991,3.74695301077,0,0,0,0,0.0,0.0,0.0,0.0
1555241131.36685943,3.75677358185,0,0,0,0,0.0,0.0,0.0,0.0
1555241131.47430992,3.76669208862,0,0,0,0,0.0,0.0,0.0,0.0
1555241131.58217048,3.776648448,0,0,0,0,0.0,0.0,0.0,0.0
1555241131.69036006,3.78663517846,0,0,0,0,0.0,0.0,0.0,0.0
1555241131.80234050,3.79697183446,0,0,0,0,0.0,0.0,0.0,0.0
1555241131.90972900,3.80688461908,0,0,0,0,0.0,0.0,0.0,0.0
1555241131.102583885,3.81760245138,0,0,0,0,0.0,0.0,0.0,0.0
1555241131.113044977,3.827258844,0,0,0,0,0.0,0.0,0.0,0.0
1555241131.123342990,3.83676470215,0,0,0,0,0.0,0.0,0.0,0.0
1555241131.134407997,3.84697855477,0,0,0,0,0.0,0.0,0.0,0.0
1555241131.144603013,3.85638933877,0,0,0,0,0.0,0.0,0.0,0.0
1555241131.155838966,3.86676098769,0,0,0,0,0.0,0.0,0.0,0.0
1555241131.166651010,3.876741336,0,0,0,0,0.0,0.0,0.0,0.0
1555241131.176902055,3.88620383908,0,0,0,0,0.0,0.0,0.0,0.0
1555241131.188030958,3.89647667262,0,0,0,0,0.0,0.0,0.0,0.0
1555241131.198704004,3.90632871508,0,0,0,0,0.0,0.0,0.0,0.0
1555241131.209261894,3.91607445969,0,0,0,0,0.0,0.0,0.0,0.0
1555241131.220128059,3.92610476585,0,0,0,0,0.0,0.0,0.0,0.0
1555241131.230978012,3.93612010708,0,0,0,0,0.0,0.0,0.0,0.0
1555241131.242011070,3.94630446831,0,0,0,0,0.0,0.0,0.0,0.0
1555241131.252470970,3.95595976062,0,0,0,0,0.0,0.0,0.0,0.0
1555241131.263290882,3.96594737169,0,0,0,0,0.0,0.0,0.0,0.0
1555241131.274168014,3.97598780123,0,0,0,0,0.0,0.0,0.0,0.0
1555241131.284928083,3.98592017262,0,0,0,0,0.0,0.0,0.0,0.0
1555241131.295722961,3.99588467538,0,0,0,0,0.0,0.0,0.0,0.0
1555241131.306648969,4.00597022123,0,0,0,0,0.0,0.0,0.0,0.0
1555241131.317295074,4.01579739508,0,0,0,0,0.0,0.0,0.0,0.0
1555241131.327668905,4.02537323908,0,0,0,0,0.0,0.0,0.0,0.0
1555241131.339098930,4.03592403138,0,0,0,0,0.0,0.0,0.0,0.0
1555241131.349443912,4.04547324554,0,0,0,0,0.0,0.0,0.0,0.0
1555241131.360826015,4.05597980215,0,0,0,0,0.0,0.0,0.0,0.0
1555241131.371071100,4.06543680369,0,0,0,0,0.0,0.0,0.0,0.0
1555241131.382308959,4.075810212,0,0,0,0,0.0,0.0,0.0,0.0
1555241131.393060922,4.08573510092,0,0,0,0,0.0,0.0,0.0,0.0
1555241131.404288053,4.09609860646,0,0,0,0,0.0,0.0,0.0,0.0
1555241131.414729118,4.10573651262,0,0,0,0,0.0,0.0,0.0,0.0
1555241131.425220012,4.11542041477,0,0,0,0,0.0,0.0,0.0,0.0
1555241131.435973882,4.125347064,0,0,0,0,0.0,0.0,0.0,0.0
1555241131.446923971,4.13545483846,0,0,0,0,0.0,0.0,0.0,0.0
1555241131.457519054,4.14523491508,0,0,0,0,0.0,0.0,0.0,0.0
1555241131.468312978,4.15519853723,0,0,0,0,0.0,0.0,0.0,0.0
1555241131.479110956,4.16516590154,0,0,0,0,0.0,0.0,0.0,0.0
1555241131.489917993,4.175141628,0,0,0,0,0.0,0.0,0.0,0.0
1555241131.500267028,4.18469458338,0,0,0,0,0.0,0.0,0.0,0.0
1555241131.511548042,4.19510782708,0,0,0,0,0.0,0.0,0.0,0.0
1555241131.522303104,4.20503557662,0,0,0,0,0.0,0.0,0.0,0.0
1555241131.532685041,4.21461890308,0,0,0,0,0.0,0.0,0.0,0.0
1555241131.543478965,4.22458252523,0,0,0,0,0.0,0.0,0.0,0.0
1555241131.554660081,4.23490355538,0,0,0,0,0.0,0.0,0.0,0.0
1555241131.565463066,4.24487554154,0,0,0,0,0.0,0.0,0.0,0.0
1555241131.576376914,4.25494986277,0,0,0,0,0.0,0.0,0.0,0.0
1555241131.586966037,4.26472443785,0,0,0,0,0.0,0.0,0.0,0.0
1555241131.597908020,4.27482472985,0,0,0,0,0.0,0.0,0.0,0.0
1555241131.608990907,4.28505508708,0,0,0,0,0.0,0.0,0.0,0.0
1555241131.619468927,4.29472710554,0,0,0,0,0.0,0.0,0.0,0.0
1555241131.630561113,4.30496604646,0,0,0,0,0.0,0.0,0.0,0.0
1555241131.641505002,4.31506809785,0,0,0,0,0.0,0.0,0.0,0.0
1555241131.652093887,4.32484245323,0,0,0,0,0.0,0.0,0.0,0.0
1555241131.662899971,4.3348173,0,0,0,0,0.0,0.0,0.0,0.0
1555241131.673706054,4.34479214585,0,0,0,0,0.0,0.0,0.0,0.0
1555241131.684405088,4.35466817723,0,0,0,0,0.0,0.0,0.0,0.0
1555241131.695481061,4.36489215231,0,0,0,0,0.0,0.0,0.0,0.0
1555241131.706620931,4.37517510923,0,0,0,0,0.0,0.0,0.0,0.0
1555241131.716919898,4.384681848,0,0,0,0,0.0,0.0,0.0,0.0
1555241131.727654933,4.39459111108,0,0,0,0,0.0,0.0,0.0,0.0
1555241131.738440990,4.40454747138,0,0,0,0,0.0,0.0,0.0,0.0
1555241131.749582052,4.41483152862,0,0,0,0,0.0,0.0,0.0,0.0
1555241131.760029077,4.42447493631,0,0,0,0,0.0,0.0,0.0,0.0
1555241131.770342111,4.43399466,0,0,0,0,0.0,0.0,0.0,0.0
1555241131.781299114,4.44410881662,0,0,0,0,0.0,0.0,0.0,0.0
1555241131.792393922,4.45435017785,0,0,0,0,0.0,0.0,0.0,0.0
1555241131.803242921,4.46436463846,0,0,0,0,0.0,0.0,0.0,0.0
1555241131.814209938,4.47448803877,0,0,0,0,0.0,0.0,0.0,0.0
1555241131.824467897,4.483956924,0,0,0,0,0.0,0.0,0.0,0.0
1555241131.835316896,4.49397138462,0,0,0,0,0.0,0.0,0.0,0.0
1555241131.846128940,4.50395173292,0,0,0,0,0.0,0.0,0.0,0.0
1555241131.856885910,4.51388124369,0,0,0,0,0.0,0.0,0.0,0.0
1555241131.867674112,4.523839584,0,0,0,0,0.0,0.0,0.0,0.0
1555241131.878025054,4.53339429969,0,0,0,0,0.0,0.0,0.0,0.0
1555241131.888803958,4.54334405723,0,0,0,0,0.0,0.0,0.0,0.0
1555241131.900156974,4.55382376431,0,0,0,0,0.0,0.0,0.0,0.0
1555241131.910797119,4.56364543662,0,0,0,0,0.0,0.0,0.0,0.0
1555241131.921173095,4.57322326062,0,0,0,0,0.0,0.0,0.0,0.0
1555241131.931936025,4.58315827292,0,0,0,0,0.0,0.0,0.0,0.0
1555241131.943021059,4.593390612,0,0,0,0,0.0,0.0,0.0,0.0
1555241131.953814983,4.60335423415,0,0,0,0,0.0,0.0,0.0,0.0
1555241131.964693069,4.61339554431,0,0,0,0,0.0,0.0,0.0,0.0
1555241131.975635051,4.62349583538,0,0,0,0,0.0,0.0,0.0,0.0
1555241131.986661911,4.63367447538,0,0,0,0,0.0,0.0,0.0,0.0
1555241131.997042894,4.64325692123,0,0,0,0,0.0,0.0,0.0,0.0
1555241132.8413076,4.65375247385,0,0,0,0,0.0,0.0,0.0,0.0
1555241132.19207954,4.66371697662,0,0,0,0,0.0,0.0,0.0,0.0
1555241132.29437065,4.67315923292,0,0,0,0,0.0,0.0,0.0,0.0
1555241132.40225982,4.68311823323,0,0,0,0,0.0,0.0,0.0,0.0
1555241132.51012039,4.69307459354,0,0,0,0,0.0,0.0,0.0,0.0
1555241132.61813116,4.70304481846,0,0,0,0,0.0,0.0,0.0,0.0
1555241132.72999000,4.71337024985,0,0,0,0,0.0,0.0,0.0,0.0
1555241132.83350896,4.72292584615,0,0,0,0,0.0,0.0,0.0,0.0
1555241132.94125986,4.73287208308,0,0,0,0,0.0,0.0,0.0,0.0
1555241132.105988979,4.74382253815,0,0,0,0,0.0,0.0,0.0,0.0
1555241132.116204023,4.75325180954,0,0,0,0,0.0,0.0,0.0,0.0
1555241132.126955986,4.76317669846,0,0,0,0,0.0,0.0,0.0,0.0
1555241132.138304948,4.77365266338,0,0,0,0,0.0,0.0,0.0,0.0
1555241132.148405075,4.78297585754,0,0,0,0,0.0,0.0,0.0,0.0
1555241132.159260988,4.79299670031,0,0,0,0,0.0,0.0,0.0,0.0
1555241132.170077085,4.80298078985,0,0,0,0,0.0,0.0,0.0,0.0
1555241132.180780887,4.81286122246,0,0,0,0,0.0,0.0,0.0,0.0
1555241132.191577911,4.82282770615,0,0,0,0,0.0,0.0,0.0,0.0
1555241132.202357053,4.83277768338,0,0,0,0,0.0,0.0,0.0,0.0
1555241132.213154077,4.84274416708,0,0,0,0,0.0,0.0,0.0,0.0
1555241132.223958969,4.85271791354,0,0,0,0,0.0,0.0,0.0,0.0
1555241132.234855890,4.86277660985,0,0,0,0,0.0,0.0,0.0,0.0
1555241132.245625019,4.87271734431,0,0,0,0,0.0,0.0,0.0,0.0
1555241132.256738901,4.88297631231,0,0,0,0,0.0,0.0,0.0,0.0
1555241132.267124891,4.89256338,0,0,0,0,0.0,0.0,0.0,0.0
1555241132.277925014,4.90253272431,0,0,0,0,0.0,0.0,0.0,0.0
1555241132.288702964,4.91248160123,0,0,0,0,0.0,0.0,0.0,0.0
1555241132.299503087,4.92245094554,0,0,0,0,0.0,0.0,0.0,0.0
1555241132.310266017,4.93238595785,0,0,0,0,0.0,0.0,0.0,0.0
1555241132.321410894,4.94267353662,0,0,0,0,0.0,0.0,0.0,0.0
1555241132.331549882,4.95203260246,0,0,0,0,0.0,0.0,0.0,0.0
1555241132.342351913,4.962003708,0,0,0,0,0.0,0.0,0.0,0.0
1555241132.353146076,4.97196755077,0,0,0,0,0.0,0.0,0.0,0.0
1555241132.364658117,4.98259405015,0,0,0,0,0.0,0.0,0.0,0.0
1555241132.375492095,4.99259464523,0,0,0,0,0.0,0.0,0.0,0.0
1555241132.386133909,5.00241785815,0,0,0,0,0.0,0.0,0.0,0.0
1555241132.396784067,5.01224877323,0,0,0,0,0.0,0.0,0.0,0.0
1555241132.407687902,5.02231385169,0,0,0,0,0.0,0.0,0.0,0.0
1555241132.418346881,5.03215290923,0,0,0,0,0.0,0.0,0.0,0.0
1555241132.429158926,5.04213325846,0,0,0,0,0.0,0.0,0.0,0.0
1555241132.439935922,5.05208125477,0,0,0,0,0.0,0.0,0.0,0.0
1555241132.451014995,5.06230809138,0,0,0,0,0.0,0.0,0.0,0.0
1555241132.461570024,5.07205119508,0,0,0,0,0.0,0.0,0.0,0.0
1555241132.472326040,5.08197982523,0,0,0,0,0.0,0.0,0.0,0.0
1555241132.483403921,5.09220556154,0,0,0,0,0.0,0.0,0.0,0.0
1555241132.493468046,5.10149552308,0,0,0,0,0.0,0.0,0.0,0.0
1555241132.504785060,5.11194199754,0,0,0,0,0.0,0.0,0.0,0.0
1555241132.515173912,5.12153170708,0,0,0,0,0.0,0.0,0.0,0.0
1555241132.525989055,5.131514916,0,0,0,0,0.0,0.0,0.0,0.0
1555241132.536715984,5.14141669662,0,0,0,0,0.0,0.0,0.0,0.0
1555241132.548232078,5.15204693723,0,0,0,0,0.0,0.0,0.0,0.0
1555241132.558216094,5.161262952,0,0,0,0,0.0,0.0,0.0,0.0
1555241132.569492101,5.17167157385,0,0,0,0,0.0,0.0,0.0,0.0
1555241132.580259084,5.18161032738,0,0,0,0,0.0,0.0,0.0,0.0
1555241132.591367959,5.19186467354,0,0,0,0,0.0,0.0,0.0,0.0
1555241132.601712942,5.20141388862,0,0,0,0,0.0,0.0,0.0,0.0
1555241132.612634897,5.21149569323,0,0,0,0,0.0,0.0,0.0,0.0
1555241132.623286962,5.22132836862,0,0,0,0,0.0,0.0,0.0,0.0
1555241132.634059906,5.23127262462,0,0,0,0,0.0,0.0,0.0,0.0
1555241132.644984006,5.24135640923,0,0,0,0,0.0,0.0,0.0,0.0
1555241132.655725002,5.25127117477,0,0,0,0,0.0,0.0,0.0,0.0
1555241132.666477918,5.26119694338,0,0,0,0,0.0,0.0,0.0,0.0
1555241132.677253007,5.27114317938,0,0,0,0,0.0,0.0,0.0,0.0
1555241132.688606023,5.28162288646,0,0,0,0,0.0,0.0,0.0,0.0
1555241132.699228048,5.29142783262,0,0,0,0,0.0,0.0,0.0,0.0
1555241132.710515022,5.30184657785,0,0,0,0,0.0,0.0,0.0,0.0
1555241132.721071004,5.31159056123,0,0,0,0,0.0,0.0,0.0,0.0
1555241132.731786966,5.32148221846,0,0,0,0,0.0,0.0,0.0,0.0
1555241132.742466926,5.33134064308,0,0,0,0,0.0,0.0,0.0,0.0
1555241132.753403902,5.34143631323,0,0,0,0,0.0,0.0,0.0,0.0
1555241132.764014959,5.35123113508,0,0,0,0,0.0,0.0,0.0,0.0
1555241132.775058031,5.36142474,0,0,0,0,0.0,0.0,0.0,0.0
1555241132.785347938,5.37092311569,0,0,0,0,0.0,0.0,0.0,0.0
1555241132.796114921,5.38086186923,0,0,0,0,0.0,0.0,0.0,0.0
1555241132.807122945,5.39102312215,0,0,0,0,0.0,0.0,0.0,0.0
1555241132.817769050,5.400850296,0,0,0,0,0.0,0.0,0.0,0.0
1555241132.828402996,5.41066624615,0,0,0,0,0.0,0.0,0.0,0.0
1555241132.839194059,5.42062722738,0,0,0,0,0.0,0.0,0.0,0.0
1555241132.849692106,5.43031773231,0,0,0,0,0.0,0.0,0.0,0.0
1555241132.860465049,5.44026198738,0,0,0,0,0.0,0.0,0.0,0.0
1555241132.871336936,5.45029757538,0,0,0,0,0.0,0.0,0.0,0.0
1555241132.882064104,5.46019957662,0,0,0,0,0.0,0.0,0.0,0.0
1555241132.893290996,5.47056286154,0,0,0,0,0.0,0.0,0.0,0.0
1555241132.903630971,5.48010745385,0,0,0,0,0.0,0.0,0.0,0.0
1555241132.914624929,5.49025572277,0,0,0,0,0.0,0.0,0.0,0.0
1555241132.925379991,5.50018347231,0,0,0,0,0.0,0.0,0.0,0.0
1555241132.936069965,5.51005114062,0,0,0,0,0.0,0.0,0.0,0.0
1555241132.946818113,5.519972508,0,0,0,0,0.0,0.0,0.0,0.0
1555241132.957606077,5.52993062862,0,0,0,0,0.0,0.0,0.0,0.0
1555241132.968457937,5.53994773015,0,0,0,0,0.0,0.0,0.0,0.0
1555241132.979203939,5.54986711662,0,0,0,0,0.0,0.0,0.0,0.0
1555241132.990020990,5.55985208677,0,0,0,0,0.0,0.0,0.0,0.0
1555241133.771045,5.56977521446,0,0,0,0,0.0,0.0,0.0,0.0
1555241133.11564016,5.57973795692,0,0,0,0,0.0,0.0,0.0,0.0
1555241133.22366046,5.58970906154,0,0,0,0,0.0,0.0,0.0,0.0
1555241133.33584117,5.600064204,0,0,0,0,0.0,0.0,0.0,0.0
1555241133.44049978,5.60972499877,0,0,0,0,0.0,0.0,0.0,0.0
1555241133.55202960,5.62002005908,0,0,0,0,0.0,0.0,0.0,0.0
1555241133.65946102,5.62993680554,0,0,0,0,0.0,0.0,0.0,0.0
1555241133.77230930,5.64035356985,0,0,0,0,0.0,0.0,0.0,0.0
1555241133.87057113,5.64942389262,0,0,0,0,0.0,0.0,0.0,0.0
1555241133.97867012,5.65940226092,0,0,0,0,0.0,0.0,0.0,0.0
1555241133.108783006,5.66947856308,0,0,0,0,0.0,0.0,0.0,0.0
1555241133.119446992,5.67932224246,0,0,0,0,0.0,0.0,0.0,0.0
1555241133.130376100,5.68941064985,0,0,0,0,0.0,0.0,0.0,0.0
1555241133.141010999,5.69922747969,0,0,0,0,0.0,0.0,0.0,0.0
1555241133.151948928,5.70932402954,0,0,0,0,0.0,0.0,0.0,0.0
1555241133.162601947,5.71915758554,0,0,0,0,0.0,0.0,0.0,0.0
1555241133.173386096,5.72911218462,0,0,0,0,0.0,0.0,0.0,0.0
1555241133.184221029,5.73911366123,0,0,0,0,0.0,0.0,0.0,0.0
1555241133.195029973,5.749091148,0,0,0,0,0.0,0.0,0.0,0.0
1555241133.205822944,5.75905389046,0,0,0,0,0.0,0.0,0.0,0.0
1555241133.216593027,5.76899550554,0,0,0,0,0.0,0.0,0.0,0.0
1555241133.227531909,5.77909293508,0,0,0,0,0.0,0.0,0.0,0.0
1555241133.238181114,5.78892297046,0,0,0,0,0.0,0.0,0.0,0.0
1555241133.248950958,5.79886436492,0,0,0,0,0.0,0.0,0.0,0.0
1555241133.260221958,5.80926836492,0,0,0,0,0.0,0.0,0.0,0.0
1555241133.270514965,5.81876960215,0,0,0,0,0.0,0.0,0.0,0.0
1555241133.281796932,5.82918372554,0,0,0,0,0.0,0.0,0.0,0.0
1555241133.293467998,5.83995701723,0,0,0,0,0.0,0.0,0.0,0.0
1555241133.303625106,5.84933280923,0,0,0,0,0.0,0.0,0.0,0.0
1555241133.314121007,5.85902133323,0,0,0,0,0.0,0.0,0.0,0.0
1555241133.324806928,5.86888526031,0,0,0,0,0.0,0.0,0.0,0.0
1555241133.335366964,5.87863298585,0,0,0,0,0.0,0.0,0.0,0.0
1555241133.346168041,5.88860321077,0,0,0,0,0.0,0.0,0.0,0.0
1555241133.356926918,5.89853448185,0,0,0,0,0.0,0.0,0.0,0.0
1555241133.368288993,5.90902255108,0,0,0,0,0.0,0.0,0.0,0.0
1555241133.378499984,5.91844808123,0,0,0,0,0.0,0.0,0.0,0.0
1555241133.389295101,5.92841280462,0,0,0,0,0.0,0.0,0.0,0.0
1555241133.400083065,5.93837092523,0,0,0,0,0.0,0.0,0.0,0.0
1555241133.410914897,5.94836953938,0,0,0,0,0.0,0.0,0.0,0.0
1555241133.421678066,5.95830477231,0,0,0,0,0.0,0.0,0.0,0.0
1555241133.432461977,5.96825915169,0,0,0,0,0.0,0.0,0.0,0.0
1555241133.444183111,5.97907866,0,0,0,0,0.0,0.0,0.0,0.0
1555241133.454405069,5.98851431354,0,0,0,0,0.0,0.0,0.0,0.0
1555241133.465631961,5.99887759846,0,0,0,0,0.0,0.0,0.0,0.0
1555241133.476982116,6.00935466462,0,0,0,0,0.0,0.0,0.0,0.0
1555241133.487732887,6.01927845323,0,0,0,0,0.0,0.0,0.0,0.0
1555241133.497606992,6.02839301169,0,0,0,0,0.0,0.0,0.0,0.0
1555241133.508443117,6.03839558862,0,0,0,0,0.0,0.0,0.0,0.0
1555241133.519222974,6.04834622585,0,0,0,0,0.0,0.0,0.0,0.0
1555241133.530015945,6.05830896831,0,0,0,0,0.0,0.0,0.0,0.0
1555241133.540807962,6.06827083015,0,0,0,0,0.0,0.0,0.0,0.0
1555241133.551634073,6.07826416338,0,0,0,0,0.0,0.0,0.0,0.0
1555241133.562383890,6.08818707138,0,0,0,0,0.0,0.0,0.0,0.0
1555241133.573529958,6.09847574954,0,0,0,0,0.0,0.0,0.0,0.0
1555241133.583947896,6.10809230769,0,0,0,0,0.0,0.0,0.0,0.0
1555241133.594783067,6.118094004,0,0,0,0,0.0,0.0,0.0,0.0
1555241133.606183052,6.12861706708,0,0,0,0,0.0,0.0,0.0,0.0
1555241133.616367101,6.13801772769,0,0,0,0,0.0,0.0,0.0,0.0
1555241133.627121925,6.14794525754,0,0,0,0,0.0,0.0,0.0,0.0
1555241133.637901067,6.15789523477,0,0,0,0,0.0,0.0,0.0,0.0
1555241133.648952960,6.16809698215,0,0,0,0,0.0,0.0,0.0,0.0
1555241133.659467935,6.17780311292,0,0,0,0,0.0,0.0,0.0,0.0
1555241133.670278072,6.18778170092,0,0,0,0,0.0,0.0,0.0,0.0
1555241133.681056022,6.19773057785,0,0,0,0,0.0,0.0,0.0,0.0
1555241133.691873073,6.207715548,0,0,0,0,0.0,0.0,0.0,0.0
1555241133.702613115,6.21762943292,0,0,0,0,0.0,0.0,0.0,0.0
1555241133.713743925,6.22790402677,0,0,0,0,0.0,0.0,0.0,0.0
1555241133.724598884,6.23792398892,0,0,0,0,0.0,0.0,0.0,0.0
1555241133.735399007,6.24789333323,0,0,0,0,0.0,0.0,0.0,0.0
1555241133.746301889,6.257957532,0,0,0,0,0.0,0.0,0.0,0.0
1555241133.756937026,6.26777458154,0,0,0,0,0.0,0.0,0.0,0.0
1555241133.767690896,6.27770123077,0,0,0,0,0.0,0.0,0.0,0.0
1555241133.778688907,6.28785324092,0,0,0,0,0.0,0.0,0.0,0.0
1555241133.789272069,6.29762231354,0,0,0,0,0.0,0.0,0.0,0.0
1555241133.800316095,6.30781679908,0,0,0,0,0.0,0.0,0.0,0.0
1555241133.810867071,6.31755616154,0,0,0,0,0.0,0.0,0.0,0.0
1555241133.821688890,6.32754553292,0,0,0,0,0.0,0.0,0.0,0.0
1555241133.832447052,6.337476144,